category	symbol	wbgene	chrom	start	end	osc_meeuse	log2_amp	peak_phase_deg	osc_computed	note
Collagens	cle-1	WBGene00000527	I	8705668	8724279	False			False	
Collagens	col-99	WBGene00000674	IV	137974	147919	False			False	
Collagens	emb-9	WBGene00001263	III	9336881	9344447	False			False	
Collagens	let-2	WBGene00002280	X	16380597	16389340	False			False	
Collagens	mec-5	WBGene00003169	X	15944009	15948952	False			False	
Collagens	rol-8	WBGene00004398	II	7544108	7545335	True	3.328	293.5	True	
Collagens	col-135	WBGene00000708	IV	15129655	15131797	False			False	
Collagens	col-55	WBGene00000632	I	6199673	6200193	False			False	
Cuticular Collagens	bli-1	WBGene00000251	II	10708960	10712156	True	0.919	232.3	True	
Cuticular Collagens	bli-2	WBGene00000252	II	5651394	5652434	True	2.186	262.4	True	
Cuticular Collagens	bli-6									aka col-112, Y73B6BL.34; likely WBGene00000256; not in GSE130811 matrix
Cuticular Collagens	col-10	WBGene00000599	V	9164292	9165307	True	1.737	84.4	True	
Cuticular Collagens	col-101	WBGene00000675	IV	325435	327020	True	1.219	158.4	True	
Cuticular Collagens	col-102	WBGene00000676	IV	604444	605931	False			False	
Cuticular Collagens	col-103	WBGene00000677	IV	762413	763678	True	3.179	159.4	True	
Cuticular Collagens	col-104	WBGene00000678	IV	1353636	1355305	True	3.486	21.7	True	
Cuticular Collagens	col-105	WBGene00000679	IV	1357736	1359225	True	1.693	325.1	True	
Cuticular Collagens	col-106	WBGene00000680	IV	1459896	1460786	False			True	
Cuticular Collagens	col-107	WBGene00000681	IV	1548721	1549714	True	2.87	30.1	True	
Cuticular Collagens	col-108	WBGene00000682	IV	1768588	1769702	False			False	
Cuticular Collagens	col-109	WBGene00000683	IV	1817392	1820253	True	3.457	3.4	True	
Cuticular Collagens	col-110	WBGene00000684	IV	4608201	4609697	True	2.696	267.2	True	
Cuticular Collagens	col-111	WBGene00000685	IV	4655791	4657974	True	3.481	330.0	True	
Cuticular Collagens	col-113	WBGene00000687	IV	7150663	7152509	True	2.877	17.7	True	
Cuticular Collagens	col-114	WBGene00000688	IV	7245460	7246653	False			False	
Cuticular Collagens	col-115	WBGene00000689	IV	7988685	7991426	True	3.767	22.1	True	
Cuticular Collagens	col-116	WBGene00000690	IV	8355906	8357919	False			True	
Cuticular Collagens	col-117	WBGene00000691	IV	8822962	8824195	False			False	
Cuticular Collagens	col-118	WBGene00000692	IV	8848218	8849673	True	1.673	49.5	True	
Cuticular Collagens	col-119	WBGene00000693	IV	8978926	8979795	False			True	
Cuticular Collagens	col-12	WBGene00000601	V	10423898	10425198	True	3.418	57.9	True	
Cuticular Collagens	col-120	WBGene00000694	IV	9260610	9261787	True	1.077	355.9	True	
Cuticular Collagens	col-121	WBGene00000695	IV	9394954	9396218	False			False	
Cuticular Collagens	col-122	WBGene00000696	IV	9563379	9564441	False			True	
Cuticular Collagens	col-123	WBGene00000697	IV	9821921	9823156	True	1.441	194.3	True	
Cuticular Collagens	col-124	WBGene00000698	IV	10216451	10217617	True	0.765	208.1	False	
Cuticular Collagens	col-125	WBGene00000699	IV	11225506	11226516	True	1.683	60.2	True	
Cuticular Collagens	col-126	WBGene00000700	IV	11263401	11264397	False			False	
Cuticular Collagens	col-127	WBGene00000701	IV	11264908	11266190	False			False	
Cuticular Collagens	col-128	WBGene00000702	IV	11550002	11551960	True	3.476	231.0	True	
Cuticular Collagens	col-129	WBGene00000703	IV	12108734	12110439	False			True	
Cuticular Collagens	col-13	WBGene00000602	V	10420788	10421902	True	3.183	65.4	True	
Cuticular Collagens	col-130	WBGene00000704	IV	12427505	12428516	True	3.416	50.1	True	
Cuticular Collagens	col-131	WBGene00000705	IV	13065729	13067300	True	3.378	320.7	True	
Cuticular Collagens	col-132	WBGene00000706	IV	13089643	13091067	False			False	
Cuticular Collagens	col-133	WBGene00000707	IV	14098325	14099356	True	3.157	52.3	True	
Cuticular Collagens	col-137	WBGene00000710	IV	16601480	16602776	False			False	
Cuticular Collagens	col-138	WBGene00000711	IV	17182884	17183729	True	2.002	324.3	True	
Cuticular Collagens	col-139	WBGene00000712	V	4652863	4653971	True	0.664	2.3	False	
Cuticular Collagens	col-14	WBGene00000603	IV	7753408	7754656	True	3.633	22.5	True	
Cuticular Collagens	col-140	WBGene00000713	V	5835855	5836834	False			False	
Cuticular Collagens	col-141	WBGene00000714	V	6829704	6830739	True	2.754	139.0	True	
Cuticular Collagens	col-142	WBGene00000715	V	6831177	6832256	True	3.328	146.5	True	
Cuticular Collagens	col-143	WBGene00000716	V	6835635	6836704	False			False	
Cuticular Collagens	col-144	WBGene00000717	V	9159586	9160642	True	1.737	75.5	True	
Cuticular Collagens	col-145	WBGene00000718	V	9161992	9163005	True	2.867	28.4	True	
Cuticular Collagens	col-146	WBGene00000719	V	9629943	9631012	True	3.917	96.8	True	
Cuticular Collagens	col-147	WBGene00000720	V	9632029	9633338	True	3.942	140.8	True	
Cuticular Collagens	col-148	WBGene00000721	V	10241753	10242790	False			False	
Cuticular Collagens	col-149	WBGene00000722	V	10291701	10292869	True	4.007	203.8	True	
Cuticular Collagens	col-150	WBGene00000723	V	10293563	10294649	True	2.312	71.1	True	
Cuticular Collagens	col-151	WBGene00000724	V	10393531	10395223	False			False	
Cuticular Collagens	col-152	WBGene00000725	V	10560921	10562252	True	0.894	120.1	True	
Cuticular Collagens	col-153	WBGene00000726	V	10949811	10951821	True	2.819	269.5	True	
Cuticular Collagens	col-154	WBGene00000727	V	11385360	11386529	True	1.948	57.1	True	
Cuticular Collagens	col-155	WBGene00000728	V	11388852	11389876	True	1.853	43.6	True	
Cuticular Collagens	col-156	WBGene00000729	V	11449219	11450357	True	3.495	6.4	True	
Cuticular Collagens	col-157	WBGene00000730	V	11484042	11485039	True	3.243	4.5	True	
Cuticular Collagens	col-158	WBGene00000731	V	11829582	11831219	True	1.717	181.2	True	
Cuticular Collagens	col-159	WBGene00000732	V	13198231	13202177	True	2.809	76.4	True	
Cuticular Collagens	col-160	WBGene00000733	V	13200984	13202192	True	3.435	110.5	True	
Cuticular Collagens	col-161	WBGene00000734	V	13317029	13318011	True	3.64	43.0	True	
Cuticular Collagens	col-162	WBGene00000735	V	13441961	13443419	True	3.632	29.9	True	
Cuticular Collagens	col-163	WBGene00000736	V	20600095	20602540	False			False	
Cuticular Collagens	col-164	WBGene00000737	X	2093469	2094846	False			False	
Cuticular Collagens	col-165	WBGene00000738	X	4353618	4354852	False			False	
Cuticular Collagens	col-166	WBGene00000739	X	6280016	6280921	True	1.614	80.5	True	
Cuticular Collagens	col-167	WBGene00000740	X	6323488	6324393	True	1.485	75.6	False	
Cuticular Collagens	col-168	WBGene00000741	X	6326388	6327293	True	1.502	85.6	True	
Cuticular Collagens	col-169	WBGene00000742	X	6329160	6330062	True	1.383	85.5	True	
Cuticular Collagens	col-170	WBGene00000743	X	6331709	6332611	True	1.383	82.2	True	
Cuticular Collagens	col-171	WBGene00000744	X	6334298	6335221	False			False	
Cuticular Collagens	col-172	WBGene00000745	X	6672819	6674423	True	2.771	317.7	True	
Cuticular Collagens	col-173	WBGene00000746	X	6875131	6877536	True	3.451	326.9	True	
Cuticular Collagens	col-174	WBGene00000747	X	7546809	7548365	True	3.138	3.1	True	
Cuticular Collagens	col-175	WBGene00000748	X	9233638	9234618	False			False	
Cuticular Collagens	col-176	WBGene00000749	X	10077597	10078728	True	2.263	164.3	True	
Cuticular Collagens	col-177	WBGene00000750	X	10999700	11001850	True	1.2	74.8	True	
Cuticular Collagens	col-178	WBGene00000751	X	11199455	11200467	False			False	
Cuticular Collagens	col-179	WBGene00000752	X	11201465	11202485	False			False	
Cuticular Collagens	col-180	WBGene00000753	X	11711378	11712280	True	2.081	54.6	True	
Cuticular Collagens	col-181	WBGene00000754	X	12104930	12106102	False			False	
Cuticular Collagens	col-182									pseudogene (per user); not in GSE130811 protein-coding matrix, as expected
Cuticular Collagens	col-183	WBGene00000756	X	13466643	13467764	False			False	
Cuticular Collagens	col-184	WBGene00000757	X	13469455	13470409	False			True	
Cuticular Collagens	col-185	WBGene00000758	X	13510035	13511097	False			False	
Cuticular Collagens	col-186	WBGene00000759	X	15951494	15954789	True	1.492	23.0	True	
Cuticular Collagens	col-187	WBGene00000760	X	16072895	16074923	True	1.529	28.2	False	
Cuticular Collagens	col-19	WBGene00000608	X	421707	422691	False			False	
Cuticular Collagens	col-2	WBGene00000593	IV	10084439	10085451	False			True	
Cuticular Collagens	col-20	WBGene00000609	II	4869670	4870791	True	0.617	357.1	True	
Cuticular Collagens	col-33	WBGene00000610	IV	4263293	4265223	True	3.526	354.4	True	
Cuticular Collagens	col-34	WBGene00000611	IV	4243545	4244610	True	1.593	357.6	True	
Cuticular Collagens	col-35	WBGene00000612	I	7385907	7386935	False			False	
Cuticular Collagens	col-36	WBGene00000613	II	7167511	7168812	False			False	
Cuticular Collagens	col-37	WBGene00000614	V	12166706	12167753	False			False	
Cuticular Collagens	col-38	WBGene00000615	II	8568035	8569088	True	1.724	299.3	True	
Cuticular Collagens	col-39	WBGene00000616	II	10704902	10706019	True	3.759	92.9	True	
Cuticular Collagens	col-40	WBGene00000617	II	1104942	1106964	False			False	
Cuticular Collagens	col-41	WBGene00000618	X	15175032	15176481	True	3.515	334.6	True	
Cuticular Collagens	col-42	WBGene00013489	V	18638484	18639591	True	3.431	159.3	True	
Cuticular Collagens	col-43	WBGene00000620	V	8049703	8050911	True	2.848	296.7	True	
Cuticular Collagens	col-44	WBGene00000621	X	13591475	13592543	False			False	
Cuticular Collagens	col-45	WBGene00000622	I	115687	117498	False			False	
Cuticular Collagens	col-46	WBGene00000623	I	741878	747213	True	2.919	233.1	True	
Cuticular Collagens	col-47	WBGene00000624	I	745888	748288	True	3.035	239.1	False	
Cuticular Collagens	col-48	WBGene00000625	I	3010684	3011665	True	3.323	3.3	True	
Cuticular Collagens	col-49	WBGene00000626	I	3137185	3138447	True	1.859	289.6	True	
Cuticular Collagens	col-50	WBGene00000627	I	3651236	3652702	False			False	
Cuticular Collagens	col-51	WBGene00000628	I	3653997	3655265	False			False	
Cuticular Collagens	col-52	WBGene00000629	I	4571192	4575038	False			False	
Cuticular Collagens	col-53	WBGene00000630	I	5644729	5646370	True	0.591	60.8	False	
Cuticular Collagens	col-54	WBGene00000631	I	5842709	5844050	True	4.048	8.7	True	
Cuticular Collagens	col-56	WBGene00000633	I	6232777	6234280	True	1.383	307.6	True	
Cuticular Collagens	col-58	WBGene00000634	I	6311229	6312416	True	2.937	17.6	True	
Cuticular Collagens	col-60	WBGene00000636	I	7105302	7106926	False			True	
Cuticular Collagens	col-61	WBGene00000637	I	7202205	7203533	True	2.119	23.1	True	
Cuticular Collagens	col-62	WBGene00000638	I	7403291	7404360	False			False	
Cuticular Collagens	col-63	WBGene00000639	I	8243694	8244963	False			False	
Cuticular Collagens	col-64	WBGene00000640	I	9893621	9895766	False			False	
Cuticular Collagens	col-65	WBGene00000641	I	11489158	11490578	True	3.415	5.1	True	
Cuticular Collagens	col-68	WBGene00000644	II	104534	105829	True	1.762	12.9	True	
Cuticular Collagens	col-69	WBGene00000645	II	303881	305745	True	2.114	354.5	True	
Cuticular Collagens	col-7	WBGene00000596	I	7401132	7402761	False			False	
Cuticular Collagens	col-71	WBGene00000647	II	3500077	3502570	True	1.211	308.0	True	
Cuticular Collagens	col-72	WBGene00000648	II	3520703	3524197	False			False	
Cuticular Collagens	col-73	WBGene00000649	II	4872098	4873129	True	3.218	339.2	True	
Cuticular Collagens	col-74	WBGene00000650	II	5830374	5832022	False			True	
Cuticular Collagens	col-75	WBGene00000651	II	6426293	6427513	True	2.0	329.6	True	
Cuticular Collagens	col-76	WBGene00000652	II	8204339	8207495	True	1.164	346.8	True	
Cuticular Collagens	col-77	WBGene00000653	II	8358228	8359381	True	3.856	15.5	True	
Cuticular Collagens	col-78	WBGene00000654	II	9152531	9154336	False			False	
Cuticular Collagens	col-79	WBGene00000655	II	10703613	10704572	True	1.827	291.9	False	
Cuticular Collagens	col-8	WBGene00000597	III	7019583	7020600	False			True	
Cuticular Collagens	col-80	WBGene00000656	II	10707201	10708287	True	3.512	153.1	True	
Cuticular Collagens	col-81	WBGene00000657	II	11012397	11013820	True	0.535	271.4	False	
Cuticular Collagens	col-83	WBGene00000658	II	11044074	11045972	True	0.762	23.6	False	
Cuticular Collagens	col-84	WBGene00000659	II	11868534	11869682	False			False	
Cuticular Collagens	col-85	WBGene00000660	II	12493703	12495095	False			False	
Cuticular Collagens	col-86	WBGene00000661	II	13096009	13098275	False			False	
Cuticular Collagens	col-87	WBGene00000662	II	14089851	14094690	False			False	
Cuticular Collagens	col-88	WBGene00000663	III	41063	41971	True	0.964	37.3	True	
Cuticular Collagens	col-89	WBGene00000664	III	4748127	4749164	True	2.412	3.5	True	
Cuticular Collagens	col-9	WBGene00000598	X	13590035	13591207	False			False	
Cuticular Collagens	col-90	WBGene00000665	III	7948838	7950068	True	3.274	327.2	True	
Cuticular Collagens	col-91	WBGene00000666	III	8262355	8263664	True	3.431	67.8	True	
Cuticular Collagens	col-92	WBGene00000667	III	10982139	10983253	True	2.707	86.0	True	
Cuticular Collagens	col-93	WBGene00000668	III	10984552	10985609	True	2.882	101.9	True	
Cuticular Collagens	col-94	WBGene00000669	III	10986808	10987873	True	1.454	69.8	True	
Cuticular Collagens	col-95	WBGene00000670	III	11703994	11705091	False			True	
Cuticular Collagens	col-96	WBGene00000671	III	11705652	11706765	False			True	
Cuticular Collagens	col-97	WBGene00000672	III	12992405	12993707	True	3.509	14.7	True	
Cuticular Collagens	col-98	WBGene00000673	III	13019008	13020226	True	3.369	162.4	True	
Cuticular Collagens	dpy-10	WBGene00001072	II	6710149	6712227	True	3.694	228.6	True	
Cuticular Collagens	dpy-13	WBGene00001074	IV	4235617	4236710	True	3.15	327.8	True	
Cuticular Collagens	dpy-14	WBGene00001075	I	6843589	6845142	True	0.556	213.2	True	
Cuticular Collagens	dpy-17	WBGene00001076	III	5107330	5108491	False			True	
Cuticular Collagens	dpy-2	WBGene00001064	II	6714292	6715971	True	3.689	233.6	True	
Cuticular Collagens	dpy-3	WBGene00001065	X	2144605	2145647	True	3.832	237.4	False	
Cuticular Collagens	dpy-4	WBGene00001066	IV	14985543	14986784	True	3.141	325.6	True	
Cuticular Collagens	dpy-5	WBGene00001067	I	5432197	5433051	True	3.11	327.8	True	
Cuticular Collagens	dpy-7	WBGene00001069	X	7536467	7537792	True	3.536	232.4	True	
Cuticular Collagens	dpy-8	WBGene00001070	X	5148804	5150476	True	3.952	248.5	True	
Cuticular Collagens	dpy-9	WBGene00001071	IV	257384	259204	True	3.574	227.5	True	
Cuticular Collagens	lon-3	WBGene00003057	V	12197437	12198585	True	3.718	284.3	True	
Cuticular Collagens	ram-2	WBGene00004300	II	11015589	11016881	True	2.966	27.5	True	
Cuticular Collagens	rol-1	WBGene00004394	II	12172573	12176069	True	1.566	308.1	True	
Cuticular Collagens	rol-6	WBGene00004397	II	8733050	8734239	True	3.313	308.7	True	
Cuticular Collagens	sqt-1	WBGene00005016	II	11336693	11337837	True	3.347	299.3	True	
Cuticular Collagens	sqt-2	WBGene00005017	II	23325	24458	True	3.37	300.2	True	
Cuticular Collagens	sqt-3	WBGene00005018	V	12352745	12354320	True	3.345	297.4	True	
